timestamp,frame,track_id,class,conf,x1,y1,x2,y2
2026-09-30T19:29:08,1,1,person,0.886,139.0,216.1,535.0,479.9
2026-09-30T19:29:08,1,2,person,0.738,8.1,384.5,99.6,479.7
2026-09-30T19:29:08,2,1,person,0.88,138.6,214.0,535.7,480.0
2026-09-30T19:29:08,2,2,person,0.74,12.4,384.0,99.6,478.4
2026-09-30T19:29:09,3,1,person,0.881,136.2,214.9,537.6,480.0
2026-09-30T19:29:09,3,2,person,0.838,1.6,384.6,98.7,479.8
2026-09-30T19:29:09,4,1,person,0.879,133.0,215.4,535.5,480.0
2026-09-30T19:29:09,4,2,person,0.751,10.5,385.2,99.4,479.4
2026-09-30T19:29:09,5,1,person,0.859,134.0,215.8,536.8,480.0
2026-09-30T19:29:09,5,2,person,0.69,9.5,385.2,99.7,480.0
2026-09-30T19:29:09,6,1,person,0.778,202.2,216.6,535.8,479.9
2026-09-30T19:29:09,6,2,person,0.749,12.1,385.3,98.9,477.7
2026-09-30T19:29:09,7,1,person,0.877,173.6,215.6,534.2,479.9
2026-09-30T19:29:09,7,2,person,0.779,3.1,384.7,99.7,479.4
2026-09-30T19:29:09,8,1,person,0.878,171.0,217.6,533.8,479.9
2026-09-30T19:29:09,8,2,person,0.744,10.2,384.8,99.5,479.1
2026-09-30T19:29:09,9,1,person,0.881,171.9,217.4,532.3,480.0
2026-09-30T19:29:09,9,2,person,0.737,12.7,384.4,99.2,478.7
2026-09-30T19:29:09,10,1,person,0.881,171.1,217.1,532.0,479.8
2026-09-30T19:29:09,10,2,person,0.761,13.1,384.6,100.1,478.7
2026-09-30T19:29:09,11,1,person,0.883,170.6,216.9,532.3,479.8
2026-09-30T19:29:09,11,2,person,0.744,11.8,384.7,100.2,479.0
2026-09-30T19:29:09,12,1,person,0.873,172.2,217.2,535.2,479.9
2026-09-30T19:29:09,12,2,person,0.795,12.6,384.7,99.7,478.4
2026-09-30T19:29:09,13,1,person,0.878,171.7,217.5,536.5,479.9
2026-09-30T19:29:09,13,2,person,0.764,11.9,384.7,99.4,478.7
2026-09-30T19:29:09,14,1,person,0.879,172.2,218.5,536.7,479.9
2026-09-30T19:29:09,14,2,person,0.761,12.3,384.6,99.2,477.3
2026-09-30T19:29:09,15,1,person,0.866,171.5,220.4,537.9,480.0
2026-09-30T19:29:09,15,2,person,0.775,11.4,384.5,99.1,478.6
2026-09-30T19:29:09,16,1,person,0.872,170.9,219.0,541.1,480.0
2026-09-30T19:29:09,16,2,person,0.76,12.6,383.6,99.3,476.6
2026-09-30T19:29:09,17,1,person,0.875,169.1,219.8,542.0,479.9
2026-09-30T19:29:09,17,2,person,0.693,11.6,384.1,98.8,478.4
2026-09-30T19:29:09,18,1,person,0.848,168.5,218.1,542.9,479.5
2026-09-30T19:29:09,18,2,person,0.778,12.9,384.6,98.8,477.4
2026-09-30T19:29:10,19,1,person,0.884,161.3,218.5,544.7,479.8
2026-09-30T19:29:10,19,2,person,0.776,13.0,384.8,99.0,477.8
2026-09-30T19:29:10,20,1,person,0.875,160.5,217.0,546.7,479.7
2026-09-30T19:29:10,20,2,person,0.765,12.9,384.7,99.0,477.8
2026-09-30T19:29:10,21,1,person,0.857,160.9,215.6,548.3,479.7
2026-09-30T19:29:10,21,2,person,0.686,12.6,384.2,99.0,478.2
2026-09-30T19:29:10,22,1,person,0.878,151.0,214.3,549.4,479.9
2026-09-30T19:29:10,22,2,person,0.706,11.3,384.9,99.4,478.9
2026-09-30T19:29:10,23,1,person,0.892,151.5,212.8,550.1,479.9
2026-09-30T19:29:10,23,2,person,0.738,4.2,384.6,99.5,479.8
2026-09-30T19:29:10,24,1,person,0.891,153.5,210.9,552.8,479.9
2026-09-30T19:29:10,24,2,person,0.692,10.6,384.6,98.4,477.8
2026-09-30T19:29:10,25,1,person,0.894,155.7,210.6,555.9,480.0
2026-09-30T19:29:10,25,2,person,0.759,12.8,384.8,98.9,478.3
2026-09-30T19:29:10,26,1,person,0.889,157.6,209.2,556.9,480.0
2026-09-30T19:29:10,26,2,person,0.73,13.0,385.2,98.8,478.4
2026-09-30T19:29:10,27,1,person,0.888,158.6,208.8,557.8,480.0
2026-09-30T19:29:10,27,2,person,0.732,12.7,384.5,99.3,477.1
2026-09-30T19:29:10,28,1,person,0.889,157.5,208.5,558.1,480.0
2026-09-30T19:29:10,28,2,person,0.766,13.1,384.3,99.2,477.4
2026-09-30T19:29:10,29,1,person,0.875,158.7,208.5,559.1,480.0
2026-09-30T19:29:10,29,2,person,0.753,11.7,384.7,99.2,478.8
2026-09-30T19:29:10,30,1,person,0.889,158.5,208.7,557.4,480.0
2026-09-30T19:29:10,30,2,person,0.761,11.4,385.0,99.3,478.8
2026-09-30T19:29:10,31,1,person,0.893,158.0,208.2,557.4,480.0
2026-09-30T19:29:10,31,2,person,0.694,11.7,384.0,99.3,478.8
2026-09-30T19:29:10,32,1,person,0.886,159.8,209.2,557.4,480.0
2026-09-30T19:29:10,32,2,person,0.754,12.0,384.3,99.2,478.7
2026-09-30T19:29:10,33,1,person,0.891,162.9,209.3,556.0,480.0
2026-09-30T19:29:10,33,2,person,0.716,12.8,384.8,99.3,477.8
2026-09-30T19:29:10,34,1,person,0.889,159.2,208.2,557.6,479.9
2026-09-30T19:29:10,34,2,person,0.724,11.8,383.4,99.1,478.6
2026-09-30T19:29:10,35,1,person,0.891,161.5,208.2,557.0,480.0
2026-09-30T19:29:10,35,2,person,0.749,11.7,384.6,99.0,479.1
2026-09-30T19:29:11,36,1,person,0.886,161.8,209.1,558.0,480.0
2026-09-30T19:29:11,36,2,person,0.696,10.6,384.3,98.7,479.2
2026-09-30T19:29:11,37,1,person,0.89,158.9,208.2,557.5,480.0
2026-09-30T19:29:11,37,2,person,0.761,11.9,383.7,98.6,479.0
2026-09-30T19:29:11,38,1,person,0.888,159.4,208.1,557.1,480.0
2026-09-30T19:29:11,38,2,person,0.782,13.2,384.0,98.9,477.8
2026-09-30T19:29:11,39,1,person,0.89,159.9,208.3,557.6,480.0
2026-09-30T19:29:11,39,2,person,0.777,12.0,384.3,99.1,478.6
2026-09-30T19:29:11,40,1,person,0.889,156.6,206.8,558.2,479.9
2026-09-30T19:29:11,40,2,person,0.667,9.9,383.3,99.1,479.3
2026-09-30T19:29:11,41,1,person,0.886,157.0,207.7,558.3,480.0
2026-09-30T19:29:11,41,2,person,0.704,11.2,384.1,99.2,479.3
2026-09-30T19:29:11,42,1,person,0.895,157.5,208.2,559.8,480.0
2026-09-30T19:29:11,42,2,person,0.698,12.0,384.1,99.0,478.9
2026-09-30T19:29:11,43,1,person,0.888,157.5,205.0,564.4,479.9
2026-09-30T19:29:11,43,2,person,0.651,11.3,382.5,97.4,478.6
2026-09-30T19:29:11,44,1,person,0.894,159.4,206.7,564.1,480.0
2026-09-30T19:29:11,44,2,person,0.718,11.4,382.9,97.5,478.3
2026-09-30T19:29:11,45,1,person,0.895,157.1,206.0,566.2,479.9
2026-09-30T19:29:11,45,2,person,0.758,11.3,382.4,98.7,478.6
2026-09-30T19:29:11,46,1,person,0.894,156.8,205.3,568.4,479.9
2026-09-30T19:29:11,46,2,person,0.723,11.4,380.9,98.2,478.5
2026-09-30T19:29:11,47,1,person,0.892,158.5,205.3,567.3,480.0
2026-09-30T19:29:11,47,2,person,0.729,9.1,381.1,98.4,479.1
2026-09-30T19:29:11,48,1,person,0.893,158.5,205.1,567.7,480.0
2026-09-30T19:29:11,48,2,person,0.729,9.8,380.4,96.0,477.6
2026-09-30T19:29:11,49,1,person,0.89,156.7,203.2,572.6,479.9
2026-09-30T19:29:11,49,2,person,0.715,3.2,376.0,95.8,479.1
2026-09-30T19:29:11,50,1,person,0.892,157.8,202.6,572.7,480.0
2026-09-30T19:29:11,50,2,person,0.646,1.4,375.2,91.1,479.9
2026-09-30T19:29:11,51,1,person,0.887,157.5,203.1,575.1,480.0
2026-09-30T19:29:11,51,2,person,0.438,0.9,372.7,86.7,479.9
2026-09-30T19:29:12,52,1,person,0.881,158.3,201.3,579.7,479.9
2026-09-30T19:29:12,52,2,person,0.57,0.2,369.5,83.8,479.5
2026-09-30T19:29:12,53,1,person,0.885,160.2,202.5,580.6,480.0
2026-09-30T19:29:12,53,2,person,0.605,0.0,369.3,81.5,480.0
2026-09-30T19:29:12,54,1,person,0.886,160.3,203.1,579.8,480.0
2026-09-30T19:29:12,54,2,person,0.449,0.6,368.3,81.6,479.4
2026-09-30T19:29:12,55,1,person,0.876,156.2,202.3,597.8,479.9
2026-09-30T19:29:12,55,2,person,0.656,0.1,367.8,81.7,479.6
2026-09-30T19:29:12,56,1,person,0.886,155.6,200.9,583.3,480.0
2026-09-30T19:29:12,56,2,person,0.732,0.0,368.1,81.9,479.7
2026-09-30T19:29:12,57,1,person,0.881,157.4,201.2,587.9,480.0
2026-09-30T19:29:12,57,2,person,0.59,0.1,368.8,81.1,480.0
2026-09-30T19:29:12,58,1,person,0.886,153.5,200.3,579.2,480.0
2026-09-30T19:29:12,58,2,person,0.628,0.0,370.3,82.5,479.9
2026-09-30T19:29:12,59,1,person,0.882,153.1,199.5,583.0,480.0
2026-09-30T19:29:12,59,2,person,0.692,1.3,369.2,83.6,479.4
2026-09-30T19:29:12,60,1,person,0.888,149.7,199.9,586.4,480.0
2026-09-30T19:29:12,60,2,person,0.563,2.3,369.6,85.2,479.0
2026-09-30T19:29:12,61,1,person,0.887,147.1,199.5,588.1,480.0
2026-09-30T19:29:12,61,2,person,0.457,2.8,369.5,86.0,478.8
2026-09-30T19:29:12,62,1,person,0.877,145.4,200.1,586.8,480.0
2026-09-30T19:29:12,62,2,person,0.695,1.3,370.2,88.3,479.6
2026-09-30T19:29:12,63,1,person,0.882,145.5,201.2,580.5,480.0
2026-09-30T19:29:12,63,2,person,0.724,1.1,370.9,89.7,479.6
2026-09-30T19:29:12,64,1,person,0.887,145.9,200.7,578.1,479.8
2026-09-30T19:29:12,64,2,person,0.689,0.8,372.1,89.9,479.6
2026-09-30T19:29:12,65,1,person,0.886,146.2,201.9,579.5,479.8
2026-09-30T19:29:12,65,2,person,0.721,1.2,372.2,90.4,479.5
2026-09-30T19:29:12,66,1,person,0.884,146.8,201.3,580.8,479.9
2026-09-30T19:29:12,66,2,person,0.649,1.0,372.4,90.8,479.6
2026-09-30T19:29:12,67,1,person,0.879,147.8,201.1,586.7,480.0
2026-09-30T19:29:12,67,2,person,0.674,0.9,372.9,90.8,479.6
